{"cameraMode":{"drawMode":0,"name":"Shaded","section":"Shading Mode"},"sceneLighting":true,"audioPlay":false,"sceneViewState":{"m_AlwaysRefresh":false,"showFog":true,"showSkybox":true,"showFlares":true,"showImageEffects":true,"showParticleSystems":true,"showVisualEffectGraphs":true,"m_FxEnabled":true},"in2DMode":false,"pivot":{"x":0.5653890371322632,"y":1.547722339630127,"z":1.0606892108917237},"rotation":{"x":-0.16008123755455018,"y":-0.021618053317070009,"z":0.003508574329316616,"w":-0.9868767261505127},"size":7.184075832366943,"orthographic":false}